ID,Target
ID_5EGLKX,Low
ID_4AI7RE,Medium
ID_V9OB3M,Low
ID_6OI9DI,Low
ID_H2TN8B,Medium
ID_U8T7ZQ,Low
ID_QQJ3A1,Low
ID_F5S4JD,Low
ID_CY2C11,Low
ID_63XVFI,Medium
ID_XAJI0Y,High
ID_KX0JJU,Low
ID_795C4K,Medium
ID_6763V1,Low
ID_7NXNW3,Low
ID_9AZ3CE,Low
ID_SBKP1L,Low
ID_OC8D6J,Medium
ID_2073O9,Low
ID_IOGXPB,Medium
ID_OCHSXC,Low
ID_HOCG2K,Low
ID_R2DHYL,Medium
ID_67P7Q4,Low
ID_6GA2SD,Low
ID_0E1JJD,Low
ID_QF3ADT,Low
ID_WU1R0D,Low
ID_8KGFP9,Medium
ID_1HXRIB,Low
ID_27LIH6,Low
ID_D0LQ1M,Low
ID_EK2GPM,Medium
ID_SJB4LV,Low
ID_H0G0XQ,Medium
ID_3W95CH,Low
ID_0T1510,Low
ID_49EC54,Low
ID_7M1NDR,Medium
ID_DBFXA2,High
ID_0PEQLV,Low
ID_DKV54C,High
ID_K7AYLP,Medium
ID_9XZ73Q,Low
ID_XZQFS3,Low
ID_ATH9KP,Medium
ID_MVIHCW,Low
ID_2SKE1A,Low
ID_OLOLN3,High
ID_UIAJQB,Low
ID_4C8J6E,High
ID_MP050O,Medium
ID_53QE5E,Medium
ID_UL6ULM,Low
ID_1R35G2,Low
ID_BGDICO,Low
ID_DEMM0U,Medium
ID_WGIYQK,Medium
ID_L0YQZD,High
ID_WS3KCV,Medium
ID_FDW79W,Medium
ID_JG3YTI,Low
ID_JLYS7J,Low
ID_3A8V4X,Medium
ID_0GDRRA,Low
ID_QZTGBC,Low
ID_TVOIWA,Low
ID_C15DI4,Low
ID_QLQ1WM,Medium
ID_HCG7FD,Medium
ID_FEUB4O,High
ID_VYWAPK,Low
ID_GSQOF3,Medium
ID_2X37B9,Low
ID_BF1IIN,Low
ID_PB01QC,Low
ID_FORPOK,Low
ID_EVMY1Q,Medium
ID_1LQXT2,Low
ID_XPOUV7,Low
ID_USX9DX,Low
ID_XXX1GJ,Low
ID_G7QSOD,Medium
ID_5CKMTB,Low
ID_G1C3R5,Medium
ID_JA1V2T,Medium
ID_3V1UZV,Low
ID_LN1B5O,Low
ID_RGYGO2,Low
ID_15S74N,Medium
ID_8TL777,Low
ID_DO0FK4,Low
ID_BY7UXU,Low
ID_FHAZMI,Low
ID_36EPCE,Low
ID_YRJFVO,Low
ID_9179B9,Medium
ID_EYKC2M,Low
ID_HH7MC7,Medium
ID_6K18JQ,Low
ID_MPA7DZ,Medium
ID_O5NMXA,Low
ID_784KON,Low
ID_HK6HMR,Medium
ID_N1U349,High
ID_PLYO0S,Low
ID_XP0UO7,Low
ID_241UWN,Low
ID_TDHDX1,High
ID_INRJOH,Low
ID_AUD9K9,Medium
ID_6VK0UC,High
ID_CS1OZF,Low
ID_ZX0W4T,Low
ID_XLAA6U,Low
ID_ZAUGTT,Low
ID_RRBSZU,Medium
ID_YBESIR,Low
ID_B31P35,Medium
ID_6IH10E,Medium
ID_F51XFA,Low
ID_T2ER1C,Medium
ID_NS0GNH,High
ID_9LF2OJ,Low
ID_5FU7BF,High
ID_3TOPZZ,Low
ID_02KBQ4,Low
ID_E6U4GN,Low
ID_C37V80,Low
ID_JHRRRS,Low
ID_GWJ8RR,Low
ID_1ENNGA,High
ID_OX7D0R,Low
ID_QMLCLI,Low
ID_FDTBJO,Medium
ID_NVIJZX,Low
ID_RJR9LY,Low
ID_UQI62K,Low
ID_UW37J9,Low
ID_6W6N08,Low
ID_8N2R48,Low
ID_0Q1G1N,Low
ID_D7969M,Low
ID_1M0CU2,Low
ID_Q62RXY,Low
ID_4K6ILS,High
ID_24UNFT,Low
ID_WNNHN3,Low
ID_8SUOC1,Medium
ID_80OCGN,Low
ID_LPLH87,Low
ID_U6QGCB,Low
ID_JWM1WU,Medium
ID_FH41A6,High
ID_CIUWKW,Low
ID_D2XD3T,Low
ID_YA2KYL,Low
ID_TTH9KR,Medium
ID_0EJHRM,Low
ID_DL4YCP,Medium
ID_6EXNWZ,Low
ID_28OR9F,High
ID_JY1O2R,High
ID_DE5E8N,Low
ID_BPWKO9,Low
ID_TUX6J1,Low
ID_NF2P09,Low
ID_J1OF25,Medium
ID_OJ38AY,Low
ID_56GW9B,Low
ID_EJRSBB,Low
ID_S4YEN1,Low
ID_W1LK84,Low
ID_OZLEL8,High
ID_GU5IO8,Low
ID_3X2KB6,Medium
ID_MPCBHB,Low
ID_DSGC06,Low
ID_ESDWH8,Low
ID_SCQQAV,Medium
ID_O7GDS7,Low
ID_RVO9MA,Medium
ID_O7TCBW,Medium
ID_55IZOL,High
ID_GBJWAV,Low
ID_LCQZJ8,Low
ID_8G8T92,Medium
ID_27EVCN,Low
ID_FNBA3V,Medium
ID_CUWXG8,Low
ID_CKOM5F,Low
ID_GQQQJR,Low
ID_XHZPDS,Low
ID_25SQ8C,High
ID_LRKI72,Medium
ID_8MVW5O,Medium
ID_OTKUNU,Medium
ID_M5CI7H,Medium
ID_NWTLBN,Low
ID_SUFIZM,Low
ID_B5XOJD,Low
ID_XNDDZT,Low
ID_DLBGKB,Medium
ID_Y4V8CQ,Low
ID_APMXD6,Medium
ID_CDNZY4,Low
ID_F3GR94,Medium
ID_H95HHZ,Low
ID_HONIX7,Low
ID_CW6J7O,Low
ID_1689WA,Low
ID_OG9TVP,Medium
ID_KJ49YD,Medium
ID_16W8MI,Medium
ID_BYVSCA,Low
ID_JM1R1Q,Medium
ID_QIGBU9,Low
ID_7KVCNO,Low
ID_E9MOVB,Low
ID_LYGWR7,Low
ID_EDOHVR,Low
ID_28J9BF,Medium
ID_DXC6RI,High
ID_8ZOI9H,Low
ID_PI865E,Medium
ID_R8HBGW,Low
ID_513LM7,Medium
ID_O2D8FU,Low
ID_9DSSRK,Medium
ID_RRBAEJ,Low
ID_1R2XGP,Medium
ID_EAFDZH,Low
ID_HIFK0V,Medium
ID_0UJGVC,Low
ID_LULYM7,Low
ID_86P5XH,Low
ID_35X3X1,High
ID_B726EW,Low
ID_YQS8CG,Medium
ID_J00YCW,Low
ID_VU2FFO,Low
ID_KZK4RQ,Low
ID_CC8UUX,Medium
ID_E3OZKD,Low
ID_O6NZPW,Low
ID_EFG9O9,Medium
ID_9UZ1KK,Low
ID_UQGX8U,Low
ID_LQC3C5,High
ID_D0NKVD,Low
ID_IPUV58,Low
ID_QIELDV,Low
ID_6GS0JV,Low
ID_EAXYLN,High
ID_Z3G0KS,Medium
ID_5TT9KA,Medium
ID_IMQ5GL,Low
ID_M5HGBO,Low
ID_RSNIMU,Low
ID_34CUYS,Low
ID_S6GKJ7,Low
ID_MDEI1W,High
ID_1DLUCL,High
ID_MZCJGU,Medium
ID_SE0APH,Low
ID_JQAMZC,Low
ID_YPOOVC,Low
ID_AH3QN2,Medium
ID_Y6QR7E,Low
ID_RZ8JJM,Low
ID_F8FWS0,Low
ID_RMWLMA,High
ID_3H1G9Y,Low
ID_9EN0KE,Low
ID_4SMGP0,Low
ID_YXKQN8,Low
ID_YD2KIR,Low
ID_9ARYEA,Low
ID_K6RE4Q,Medium
ID_DA5H3Z,Low
ID_LWI1CU,Low
ID_F33GUW,High
ID_ONS1NG,Low
ID_XFHHVP,Low
ID_ZKN3PD,Low
ID_KBE0QA,Low
ID_BPBBQH,Medium
ID_F9S9EH,Medium
ID_2D7GG3,Low
ID_1T6I8U,Low
ID_ZG58XY,Medium
ID_1DALPB,Low
ID_DALMJE,Medium
ID_76S20E,Medium
ID_94E82X,Low
ID_SW5861,Medium
ID_8ZDXHY,Medium
ID_05FL04,Medium
ID_G5C210,Low
ID_UGHT7E,Medium
ID_W4HUDS,Low
ID_TQ5DYV,Medium
ID_YAJ5ND,Low
ID_8N3E54,Medium
ID_EXYVCU,Low
ID_04DV0U,Low
ID_2MZ8M6,High
ID_UTOTHL,High
ID_6LKWKN,Low
ID_TZ9UU5,Low
ID_UK9E1V,Low
ID_G345K5,Low
ID_Q51WHA,Low
ID_D1LQJS,Low
ID_WS3SBG,Low
ID_GI14Z9,Low
ID_CNFU2H,Medium
ID_8EIQET,Low
ID_U50AP1,Low
ID_WLXDSC,Medium
ID_BDP4RE,Medium
ID_26UU6D,Low
ID_MZ6387,Low
ID_QTIM88,Low
ID_X70R3S,High
ID_WSHY61,Medium
ID_PAXUZM,Low
ID_724HK1,Medium
ID_VM8TNA,Low
ID_KIH548,Medium
ID_WGT2LB,Medium
ID_04K43S,High
ID_EHG832,Low
ID_ODZMPO,Low
ID_TD24B4,Low
ID_04JCRW,Low
ID_7RY21G,Low
ID_AMXA6S,Low
ID_PHH62M,High
ID_IRD4JP,Low
ID_E2F15J,Low
ID_69620Z,Medium
ID_TNSM8X,Medium
ID_GLIGYK,Low
ID_IYRM1K,Low
ID_P8NJGK,Low
ID_2MGBNC,Low
ID_Q77HNS,Medium
ID_GA41IZ,Medium
ID_T8MMDF,Low
ID_P5YRO1,Medium
ID_UYSBFO,Low
ID_Q0NEZH,Medium
ID_R39IIX,Medium
ID_C2RH2X,Medium
ID_47EN48,Medium
ID_6Q8SJY,High
ID_OZOZEN,Medium
ID_CEAAE5,Medium
ID_9M0P87,Low
ID_3KEYYN,Medium
ID_3RI0YA,High
ID_LIJI18,Low
ID_Y4DKV7,Low
ID_NZY7JR,Low
ID_GVUMMW,Low
ID_8WGBJ4,Medium
ID_JPWIT7,Medium
ID_J61TYJ,Low
ID_U73UHR,Low
ID_CFWAWQ,Medium
ID_J7D4NG,Low
ID_06B8MS,Low
ID_6J3RTX,Medium
ID_GOBZPE,Low
ID_D13UG3,Low
ID_Y3ODSX,Low
ID_4BX952,Medium
ID_TB1PPQ,Low
ID_R16WU1,Low
ID_F4KZSE,Low
ID_SF12A5,Low
ID_IZ3U81,Low
ID_9RV3B2,Low
ID_6AQ1DR,Low
ID_XCX9KN,Medium
ID_H1ADRG,Low
ID_F8WXKK,Medium
ID_0S9BP4,Medium
ID_5A8389,High
ID_I3EYJ5,Low
ID_DT95B1,Low
ID_3DD03U,High
ID_7SU62J,Low
ID_R97Y2L,Medium
ID_0DJWSA,Low
ID_1EN699,Low
ID_KBEFQ7,Low
ID_3416UK,Low
ID_I72W4O,High
ID_K5BOV3,Medium
ID_QUNUE7,Low
ID_TPLI69,Low
ID_JK8XNL,High
ID_E0OF37,Low
ID_NHJVAN,Low
ID_JRKHE0,High
ID_WPGK9M,Medium
ID_47RHOW,Low
ID_JUDL3A,Low
ID_PRCWFB,Low
ID_11ZSB8,Medium
ID_GGHUGT,Low
ID_A8JC3M,Low
ID_QZLVZY,Low
ID_DTN0AB,Medium
ID_Y9QZO7,Medium
ID_0IGBV7,Medium
ID_SVEEGS,Low
ID_83T5KV,Low
ID_1Y7LBD,Low
ID_KD9GNL,Low
ID_3HKVPL,Medium
ID_DERI4K,Low
ID_YGC9G6,Medium
ID_GMF4LN,High
ID_HS7AUI,Low
ID_P6PNU0,Low
ID_GO6ZHD,Low
ID_HROXIL,Low
ID_VO7IUG,Low
ID_Z1GV0E,High
ID_T5U694,Low
ID_RCBPLJ,Low
ID_7HZZ4G,Low
ID_0AH1KG,Low
ID_JCKNC6,Low
ID_SNH0E9,Medium
ID_ZRV4A3,Medium
ID_DW0FGZ,Low
ID_HHWMF1,High
ID_4RYTVG,Medium
ID_P39LQT,Medium
ID_N9F7QA,Low
ID_FIQG01,Medium
ID_TFU2SN,Low
ID_7OTE0Q,Medium
ID_I4FIEE,Medium
ID_1OQ9RQ,Medium
ID_G39BD2,High
ID_20RM73,Medium
ID_WLO61P,Low
ID_QOOEGE,Low
ID_DFGJ7N,Low
ID_JUL7W8,High
ID_CMOQ5P,Low
ID_9F16X1,Low
ID_48WEGT,Medium
ID_Z47V66,Medium
ID_RNZNZM,Medium
ID_4X8SCX,Medium
ID_IW6L01,Low
ID_1I7XJ2,Medium
ID_0CD8A2,Medium
ID_OGN378,Low
ID_OOQ42N,Low
ID_7ILBTL,Low
ID_A1W3RR,Medium
ID_DKEJP5,High
ID_OSZHX1,Low
ID_HDI8S5,Low
ID_RIIGUP,Low
ID_AKFD18,Low
ID_SWEBNV,Medium
ID_5MLGMX,Low
ID_P891XS,Low
ID_EFSAA6,Low
ID_1VVTY9,Low
ID_K2VMWW,High
ID_4HXIOB,Low
ID_5IV86Z,Medium
ID_6G298C,Medium
ID_3O40A9,Low
ID_ZU2ZUE,Medium
ID_91QE37,Medium
ID_7IKP7S,Low
ID_MUXFZJ,Medium
ID_BCHUAT,Low
ID_G9TDRO,Low
ID_5D4VUE,Medium
ID_AHZA9T,Low
ID_Y3Z1DE,Low
ID_NIE7YV,Low
ID_5U8YL9,Low
ID_1UIW5E,Low
ID_WS1LOQ,Low
ID_OXZOGN,Medium
ID_WIJLQ5,Low
ID_HHX2X5,Low
ID_9F7WO9,Low
ID_RMQ0ML,Low
ID_AHY5HO,High
ID_CVEDQF,High
ID_E9JLWX,Low
ID_X8XLVK,Low
ID_L30PYN,Medium
ID_RDBPZO,Low
ID_1V5ZD0,Low
ID_T96GSK,Medium
ID_OFG780,Low
ID_FS17CS,Low
ID_P2OY4C,Low
ID_3HPNIC,High
ID_R6N18B,Low
ID_S5RCGB,Low
ID_PYI46N,Medium
ID_HAV6XH,Medium
ID_O1DS3H,Medium
ID_GH8P9L,Medium
ID_N1UJYP,Low
ID_OBTCW6,Low
ID_JH9PO2,Medium
ID_N3JHYA,Low
ID_KPF3UZ,Low
ID_LJQKCJ,Low
ID_RPP9CW,Low
ID_0HKARP,High
ID_GBUL1O,Low
ID_URQN3B,Low
ID_2BWQNX,Low
ID_Z6CP7S,High
ID_J5UESL,Low
ID_MZNMXB,Low
ID_L40FOC,Low
ID_QP6I0T,Low
ID_KWW4HN,Low
ID_BVUCZV,Low
ID_2U7JHQ,Low
ID_7P2F96,Low
ID_L6CKNC,Medium
ID_63005S,Low
ID_TWDL9Z,High
ID_IP65PL,Low
ID_QHXSIP,Low
ID_KRCW9I,Medium
ID_S1WVPF,Medium
ID_EJNEF0,Low
ID_GPS013,Low
ID_LGJE2A,High
ID_NXPWNU,Medium
ID_H7PSXM,Low
ID_TSRL21,Medium
ID_7LCCJZ,Low
ID_B3V7G5,Medium
ID_FQKIDC,Medium
ID_PEHFJ6,Low
ID_RVA2UL,Low
ID_NXXKLU,Low
ID_7PMEXJ,High
ID_L6FEHE,Low
ID_H7QLH5,Low
ID_5Y4TS6,Low
ID_AQ3J9X,Low
ID_F3TF14,Low
ID_BFFBFL,Low
ID_G8SBI4,Low
ID_42WQK2,Low
ID_ZG884B,Low
ID_93DXWO,Medium
ID_H6AAF2,Low
ID_F27SJC,Low
ID_27KKZ4,Low
ID_1W36CO,Low
ID_CBSYQY,Low
ID_SVXFOR,Low
ID_409WNZ,Medium
ID_7KSAUA,Low
ID_9JD4MK,Medium
ID_FXLGQX,Low
ID_DP4FMP,Medium
ID_79IZV5,Low
ID_O9O2M4,Low
ID_3C1HD9,Low
ID_9INTUO,Low
ID_ZE6HVO,Low
ID_U5X0HC,Medium
ID_11KPKW,Low
ID_4GPZBO,High
ID_99AF38,Low
ID_R7JETE,Low
ID_AFN214,Low
ID_JA5T7P,High
ID_6RP26G,Low
ID_3CII1J,Medium
ID_H094IP,Low
ID_XF5Q3J,Low
ID_RG63LH,Low
ID_MBR5XQ,High
ID_M8RT41,Low
ID_9C70PA,Low
ID_SBWTE8,Low
ID_56VAVW,Low
ID_70N9EM,Low
ID_M54XR8,Medium
ID_ZFHQDR,Low
ID_C2GUWJ,High
ID_M6MW6N,Low
ID_PHJ3MU,Medium
ID_8VI6FK,Low
ID_HLCEZH,Low
ID_T1K8HC,Low
ID_S4P845,Low
ID_22Z0SD,Medium
ID_333ZA4,Low
ID_XRED8U,High
ID_AHE441,Low
ID_DJ3RZQ,Low
ID_DESIS6,Low
ID_U0R7G0,Low
ID_C9LUER,Low
ID_YN2YJW,Low
ID_Y1OL5R,Low
ID_VVEG6U,Low
ID_LPEFJA,Low
ID_EFFXJJ,Low
ID_DBE2X8,Low
ID_JJTD1M,Medium
ID_SAAYE8,Low
ID_0TJ2T9,Low
ID_I9EXBN,Low
ID_IK85EN,Low
ID_W7TBDD,Low
ID_5DEK42,Low
ID_9AGE9N,Low
ID_N728ZH,Low
ID_WIEEO9,Medium
ID_A0C5HD,Low
ID_R9Y7N1,Low
ID_OJPZQS,High
ID_QWLOQK,Low
ID_2LG1ZH,Low
ID_X43WFS,High
ID_CZAFR0,Medium
ID_OEXIR4,High
ID_YXFIBL,Medium
ID_4I3642,Low
ID_P7ZCPB,Low
ID_CSQOU9,Medium
ID_7KFGHP,Medium
ID_MJSRD9,Low
ID_HTD8H6,Medium
ID_U3PJTC,Medium
ID_J0LEBN,Low
ID_N717YW,Medium
ID_IHDZSN,Low
ID_ZU0F5E,Low
ID_3AWPQS,Low
ID_RF04F6,Low
ID_RLF3Q6,Medium
ID_ECDC9Y,Low
ID_SVB8Q3,Low
ID_HVDQ0M,Medium
ID_3GGODL,Low
ID_O9HAXH,Low
ID_TC41RW,Low
ID_XALXEP,Low
ID_WVTFX4,Medium
ID_FR8EG6,Low
ID_WWOSLK,Low
ID_NIL847,Medium
ID_KPK7FV,Low
ID_8BKA8V,Medium
ID_LNM580,Low
ID_042QTC,Low
ID_E9DUG9,Low
ID_AOQHVD,Medium
ID_LX4UZI,Low
ID_NQXUC1,Medium
ID_4SE2KY,Medium
ID_3HG939,Low
ID_13HLOZ,Medium
ID_0OXFQ8,High
ID_H5YWL9,Medium
ID_BH6NQQ,High
ID_0YUCQE,Low
ID_6RNCKR,Medium
ID_EEV7IN,Low
ID_W9D2OL,Medium
ID_HUAMHM,Medium
ID_57HLSZ,Low
ID_Y09SGW,Low
ID_SF699P,Low
ID_6KB9Z7,Medium
ID_HPMXPK,High
ID_WAVIAT,Medium
ID_3S9UCK,Medium
ID_W1B4LI,Low
ID_D7YXW1,Low
ID_H4K4JK,Low
ID_XI8E55,Low
ID_TCKEH5,Medium
ID_CG99L3,Low
ID_NC0I4X,High
ID_MSY5YP,Low
ID_NU9QRK,Low
ID_H2NXXM,Medium
ID_AI2278,Low
ID_QNM6XV,Low
ID_M2HUT7,Low
ID_WG4DI2,Low
ID_D9REXP,Medium
ID_ZH4YYB,Medium
ID_809QC5,Low
ID_XMVW0N,Medium
ID_JRM97P,Low
ID_WYO653,Low
ID_K26GFX,Medium
ID_M1XGB1,Medium
ID_OI5G6X,Low
ID_VTX6PO,Medium
ID_T09CLU,Low
ID_40WEDM,Medium
ID_U87CM4,High
ID_NT2TC8,Low
ID_GNWNL7,Low
ID_UMX00Y,Low
ID_QQO7BG,Low
ID_WY3I07,Low
ID_B0B1YO,Low
ID_Z9AD5Y,Medium
ID_2HJJHM,Low
ID_9MIDUX,Medium
ID_3JONOU,Medium
ID_D3Y82F,Low
ID_C4951A,Low
ID_ATLY4W,Low
ID_6SGW2N,Medium
ID_ELZAWR,Low
ID_A7YPCF,Low
ID_CP83JU,Low
ID_ZNX80E,Low
ID_2J60V4,Low
ID_91I3VM,Low
ID_CVTN9S,Low
ID_VV7RMN,Low
ID_C23U2G,Low
ID_ZLQEIR,Low
ID_OFIPZN,High
ID_8G8JDP,Low
ID_NQQA4P,Low
ID_VRUFFD,Low
ID_U534Q4,Low
ID_PKLJ67,Medium
ID_V21NDC,Low
ID_DNHYOG,Low
ID_Z3FU0L,Low
ID_MQXMQO,Low
ID_NNLO0H,High
ID_HAGKC4,Medium
ID_9MSZR0,Low
ID_UNQHNV,Low
ID_YLU58F,High
ID_WGSKWD,Low
ID_O1P98S,Low
ID_DCUJQ6,High
ID_TTC954,Medium
ID_Z1MFIH,Low
ID_6XN6LC,High
ID_E58F3O,High
ID_K3FDJ2,Medium
ID_2R6U0M,Low
ID_7VH1YG,Low
ID_RUCPRK,Medium
ID_M8NZF6,Low
ID_3WXA73,High
ID_HZYZTE,Medium
ID_LE4A2G,High
ID_I5BLW4,Low
ID_IYQBVT,High
ID_GK6T9D,Medium
ID_YEMNNP,Low
ID_COWEEV,Low
ID_DIBBFR,Low
ID_W2EOWL,Low
ID_GSCMNU,Low
ID_BZKL5T,Medium
ID_RBGWVN,Low
ID_OMFFK4,Low
ID_SUP0GA,Medium
ID_NTUSJX,Low
ID_Y0W58D,Medium
ID_CJG8VU,Medium
ID_FGGK82,Medium
ID_2VRPK9,Medium
ID_05ZHI6,Low
ID_53EGDD,Low
ID_JMZ5K9,Medium
ID_H82ODS,Low
ID_TG21HS,Low
ID_YGE3VJ,Low
ID_HPNPK2,Low
ID_JMH6T4,Low
ID_ZG2VG3,Medium
ID_1CMDRM,Low
ID_C41Q6L,Low
ID_IKA7LX,Low
ID_ZDQ3W6,Medium
ID_THODZZ,High
ID_XJ93DR,Low
ID_7ZJ8FN,Low
ID_7BLW9M,Low
ID_SMQL2T,Low
ID_QEAEQ2,Low
ID_HGKTPG,Medium
ID_3E4XYF,High
ID_VL9V73,Low
ID_4US73W,Medium
ID_YHRFOZ,Low
ID_O9TNTY,Low
ID_OQIFJ8,Low
ID_2E077U,Low
ID_PVEG4D,Low
ID_1U5XI1,Low
ID_5EUSC7,Low
ID_RAZMDU,Low
ID_LJT18Z,Medium
ID_30L1R9,Medium
ID_JL8EZ3,High
ID_NCAD4Z,Low
ID_GATJ9T,High
ID_25X1FV,Medium
ID_KB47Y7,Low
ID_357BD0,Low
ID_QD9ANO,Low
ID_JX084D,Low
ID_NXV50O,Medium
ID_GIQDZ7,Low
ID_BV2J3T,High
ID_JQTF8N,Low
ID_TQ824H,Low
ID_SOT56A,Medium
ID_MSPZPD,Low
ID_VI052U,High
ID_5RPBLA,Low
ID_Z53GWT,Low
ID_DQVUL7,Low
ID_ZCOTOH,Medium
ID_Z2ZMIG,Medium
ID_PKN646,Medium
ID_KT4P6C,Low
ID_H2BVWV,Medium
ID_B0ORR5,Low
ID_E34JL7,Low
ID_WKZM92,Low
ID_9T84AZ,High
ID_SXOF6T,Low
ID_2RGWHG,High
ID_93ACZS,High
ID_NKBTFS,High
ID_QEJ6FD,Low
ID_G1L11O,Medium
ID_GGSPAJ,Low
ID_F8RSJR,Low
ID_0WYYQN,Low
ID_7GIU13,Low
ID_FU4B9S,High
ID_UZNO5M,High
ID_CDK36M,High
ID_8AB13T,Medium
ID_RP8GUU,Medium
ID_PW3HHI,Medium
ID_7JMREV,Low
ID_6ORGER,Low
ID_6NYYCJ,High
ID_ZVLHYL,Low
ID_SKYKZ1,Low
ID_I20AK6,Low
ID_X9WLW4,Low
ID_UYUCEC,Low
ID_O6JRU7,Low
ID_ZN5H5J,Low
ID_J80E7N,Low
ID_422TA8,Medium
ID_LKFBK9,Low
ID_9W2ZZS,Low
ID_YVMDH6,Medium
ID_JJEY7Q,Medium
ID_1RDOLP,Low
ID_B57L13,Medium
ID_1XERP3,High
ID_1POXRT,Medium
ID_IMI0G8,Low
ID_9VB92G,Low
ID_PDOLXC,Medium
ID_BALHJH,Low
ID_LP8UW1,Low
ID_R1H69M,Low
ID_6SIF6D,Medium
ID_NR53F5,Low
ID_ABAZD8,Low
ID_0N8MZ5,Low
ID_YQ5QHS,Low
ID_HG5ZMT,Medium
ID_F3JPHN,Medium
ID_3GXJ0M,High
ID_MZPSCT,Low
ID_TSUJT7,Low
ID_VTFMRM,Low
ID_SEHJ0Y,Low
ID_DIOHML,Low
ID_UZFJAL,Low
ID_H9VGKY,Medium
ID_N04FDT,Medium
ID_HCJOJZ,Medium
ID_PJ7K99,Medium
ID_XB9YO1,Medium
ID_81RXYR,Low
ID_BUQIQM,Medium
ID_0UI22K,High
ID_1ZAQ7Q,Medium
ID_6QROLN,Low
ID_B41G87,Low
ID_AWHLQ7,Low
ID_NNTXRG,Medium
ID_Q03JWW,Low
ID_ZSA7YV,High
ID_HN6MGW,Low
ID_W62AIA,Low
ID_020ZTX,Low
ID_Y72IVG,Low
ID_Z17A8R,High
ID_GLAF8Y,Low
ID_Z17YBE,Low
ID_MPXQ3X,Low
ID_RM43GM,Medium
ID_L3M871,Low
ID_SSUMH0,Medium
ID_11NAE2,Low
ID_P61LFC,Medium
ID_I909N7,Medium
ID_N5MUY0,Medium
ID_LEJVGI,Low
ID_R5SWK8,Medium
ID_38YHED,Low
ID_U0UONU,Low
ID_WXLCIU,Low
ID_PX71M8,Low
ID_AZXKDQ,Low
ID_0NW0F3,Low
ID_ZM12AW,Low
ID_BKPIQN,Low
ID_I6FQJJ,Medium
ID_BQCND5,Low
ID_JA6MIH,Low
ID_BD2SCE,Medium
ID_M5ZJA8,Medium
ID_6WEGGH,Medium
ID_U5MTXS,Low
ID_6ABQR8,Medium
ID_SEXVR2,Medium
ID_U4XSZJ,Low
ID_EKJS7Y,Low
ID_R3PT47,Low
ID_0N9CC7,Low
ID_SCU6MX,Low
ID_RC474U,Low
ID_I3QK2I,High
ID_9JVB6H,Medium
ID_4JNLMK,Low
ID_8Z1XIE,Low
ID_QT53BZ,Low
ID_T9N44F,Low
ID_1EKVIP,Low
ID_8MWE77,Medium
ID_E2ATN2,Low
ID_KPL3CH,High
ID_M4PSQN,Low
ID_NTJK2G,High
ID_DJJFNF,Low
ID_TUH08L,Low
ID_14NIJC,Medium
ID_OWAPCQ,Medium
ID_Y31ZR7,Medium
ID_JBQU11,Medium
ID_S859TX,Low
ID_CRYSAU,Medium
ID_JD2V1L,High
ID_KFZQFO,Low
ID_EAZVW7,Medium
ID_YMRRQS,Medium
ID_RFIUPR,Medium
ID_EFOJHO,Low
ID_4XO06R,Low
ID_3VQJDD,Low
ID_TJHL93,Low
ID_BETRLZ,Low
ID_FOY4DD,High
ID_R8T945,Low
ID_3K8A7R,High
ID_EDPLHR,Low
ID_8714NB,Low
ID_LED1LG,Low
ID_W5FKNJ,High
ID_EL33PC,Medium
ID_72VFW1,Low
ID_YJB48W,High
ID_FICLRE,Low
ID_D7TZG3,Medium
ID_VHYGQZ,Low
ID_WMEJKE,Medium
ID_G78IA6,Medium
ID_KQKP90,Low
ID_EBXGKY,Medium
ID_ZTBQ56,Low
ID_W3CHNJ,High
ID_MX0RDT,Medium
ID_4WSQT2,Medium
ID_61BRFY,Low
ID_CMBVPT,Low
ID_PC9SPW,Low
ID_PRTZUF,Low
ID_M1TM27,Low
ID_4LAUSK,Low
ID_WNQXAR,Medium
ID_BOCHTC,Low
ID_MHVKCX,Low
ID_0YMXNE,High
ID_NEEWKI,Low
ID_02NMSI,Low
ID_9DXOQ2,Medium
ID_ZBMP4J,Low
ID_M7U4AK,Low
ID_7ZPQFG,Low
ID_3IE68P,Low
ID_PT55HT,Low
ID_8J0KKA,Medium
ID_CPJ8R1,Low
ID_6BRJDN,Low
ID_8OGA0X,Medium
ID_S7DXD9,Low
ID_ZMVYD4,Medium
ID_ZV2GWU,Low
ID_PWH0MX,High
ID_9ZC2WO,Low
ID_MLGSES,Low
ID_FLHLX0,Low
ID_1T2TAL,Medium
ID_VE5RZU,Low
ID_PUN5DG,Low
ID_5DBDXB,Low
ID_CH77WR,Low
ID_A3IDY3,Low
ID_977YY5,Low
ID_U1BZQW,Low
ID_UEIHX7,Medium
ID_Y0BVR6,Low
ID_A0WQOF,Low
ID_2ATGXI,Low
ID_RDQV9K,Low
ID_NECQOR,High
ID_1S6EQX,Medium
ID_33S5R2,Low
ID_LFCOP4,Low
ID_LV6TX0,Low
ID_M5NS30,High
ID_OBIRY8,Medium
ID_EMBYV6,Medium
ID_P77946,Medium
ID_IAVPTS,Low
ID_OJ4X9O,Low
ID_N2WKIY,Medium
ID_N3CIHM,Low
ID_S8CHKC,Medium
ID_X9ULLP,Low
ID_3VVVF7,Low
ID_BHEYYS,Medium
ID_HFT4I2,Low
ID_E358TR,High
ID_XO9T7E,Low
ID_3LXSY4,High
ID_IH1XDP,Medium
ID_QGYIW5,Medium
ID_W06NY4,Low
ID_9R17WL,Low
ID_EJSX09,Low
ID_LQ3VXH,Medium
ID_SDP8MV,Medium
ID_YGMGIE,Low
ID_11LGPK,Low
ID_XQ531D,High
ID_FEFPQ5,Low
ID_7Q15WH,Low
ID_G6OOH1,Medium
ID_YGYNKI,Low
ID_WFCY40,Low
ID_U5OEJ8,Medium
ID_IKT2KF,Low
ID_TACY15,High
ID_8BV5ZH,Medium
ID_ERY74R,Low
ID_JSBNU6,Low
ID_WQX1N6,Medium
ID_4U3WO2,Medium
ID_37ODN6,Medium
ID_PQYASY,Low
ID_DOOF2J,Low
ID_51VUTP,Low
ID_LYBWGM,Medium
ID_Z8KV8N,Low
ID_6TUKXN,Low
ID_W4JQZ1,Low
ID_Q9JUUL,Low
ID_0I7MTP,Low
ID_HLI5L6,Medium
ID_TXP0SH,Low
ID_488PKW,Low
ID_YGZCUJ,Low
ID_SAYRSZ,Low
ID_V3UTCP,Low
ID_CIJJRX,Medium
ID_P5RO8Q,Low
ID_4C3G4C,Low
ID_7V3M13,Low
ID_LXN32N,High
ID_Q2OAZF,Medium
ID_C8CYNL,Medium
ID_8D1SPD,Low
ID_VUFXFL,Low
ID_L4J1PJ,Medium
ID_XXA6BM,Low
ID_WNPR42,Low
ID_K94W6W,High
ID_PNZASY,Low
ID_52XOVY,Medium
ID_6ASSSU,Low
ID_KKIUY5,Low
ID_OECQZ0,Medium
ID_7QPM29,Low
ID_CD1W6R,Low
ID_KO8ZS8,Low
ID_S5ZXQO,High
ID_NGC4XA,Low
ID_0VA0ST,Low
ID_OA83Z7,Low
ID_FNS6UV,Low
ID_10PJE7,Low
ID_IIPS8Q,Medium
ID_ZUWQFF,Low
ID_SV51TK,Low
ID_JCEJMN,Low
ID_3RXDT5,Medium
ID_A0GURG,Low
ID_SDLNIT,Medium
ID_U0T566,Low
ID_FHLGEM,Low
ID_5WBQAL,Low
ID_XF823Q,Medium
ID_IRIO74,Medium
ID_YYWZL0,Low
ID_PAY1T5,Low
ID_8OZCYW,Low
ID_675TG9,Low
ID_WSFDIB,Low
ID_JWWBK8,Low
ID_Q1JNY6,Low
ID_WW12TP,Low
ID_ROIAW9,Low
ID_E8NFRA,Low
ID_DHVS41,Medium
ID_DJD1XB,Low
ID_9DD5S0,Low
ID_DTBYRG,High
ID_3VM1U0,High
ID_BSEPR1,Low
ID_BJHY3M,Medium
ID_Q22AJX,Low
ID_E8IV8A,Low
ID_XOF33Q,Medium
ID_PE7YKR,Low
ID_U8OXM9,Medium
ID_F4S2NI,Medium
ID_INSTQC,Low
ID_HZX7ZB,Low
ID_X8WB80,Low
ID_KGFZ9Y,Low
ID_HDLQH1,Low
ID_LCQXIP,Low
ID_DZIWF9,Low
ID_8OM08T,Low
ID_L2FX35,Medium
ID_JK66KE,Low
ID_VF8QFB,Low
ID_6NEOAZ,Low
ID_O4RLE9,Low
ID_2KUGEO,Low
ID_5CS9UI,High
ID_BLF5SD,Low
ID_D0771H,High
ID_Q99FR8,Low
ID_7WLYZF,Low
ID_A26YFP,Medium
ID_OUN91F,High
ID_0V0NJJ,Low
ID_C81DO6,Low
ID_VY32I3,Low
ID_9JHQZL,Low
ID_NYXTXM,High
ID_G2LBWT,Medium
ID_DKRLC0,Medium
ID_B87T93,Low
ID_QDWB32,Low
ID_UL4AE6,Medium
ID_F6XDN8,Medium
ID_887TLE,Low
ID_3DVYJH,High
ID_GV10K6,Low
ID_NF27E6,Medium
ID_25WOE9,Low
ID_2QZSKH,Medium
ID_IC67W5,Low
ID_S8J24T,Low
ID_6T1OXH,Medium
ID_UWVW1P,Low
ID_RN4FLH,Medium
ID_JRPE2X,Medium
ID_7BXA2K,Low
ID_E497V6,Low
ID_0NCNMG,Low
ID_F2HEQY,High
ID_HYNHY8,Low
ID_D3BGNP,Medium
ID_2A3WG1,Low
ID_SPD2SW,Low
ID_QG4QLV,Medium
ID_JF4UQM,Low
ID_C1YUZP,Low
ID_7ODM6I,Low
ID_NZKRSN,Medium
ID_FCC2SW,Medium
ID_BR4F2Z,High
ID_ZRJ48L,Low
ID_ZF1U6V,High
ID_VZ0PAE,Low
ID_22ZJ71,Low
ID_EF0VOT,Medium
ID_DM4ACR,Low
ID_XT6YEY,Medium
ID_1SXXRP,Low
ID_RXXWFM,Low
ID_JW8357,High
ID_YYFK31,Low
ID_5TQSYQ,Medium
ID_MIQACA,Low
ID_G19QGU,Low
ID_CECI1Z,Low
ID_MEL61G,Medium
ID_LG2LC3,Low
ID_CQEKIU,Low
ID_YK7YQ5,Low
ID_QMPUYW,Medium
ID_6MXRF9,Medium
ID_R1AR6U,Low
ID_EO9NX5,Low
ID_6GVWRD,Low
ID_P1K8UR,Low
ID_EYSU7E,High
ID_N9EQRJ,Low
ID_T9ZJJY,Low
ID_HSQ332,Low
ID_7193Q1,Low
ID_4MW04I,Medium
ID_MRNFIE,Low
ID_VB9HXK,Low
ID_H5ZXRQ,Low
ID_1CAO8W,Low
ID_T95XJ3,Medium
ID_SNHFOQ,Low
ID_RIFWR0,High
ID_AD2C4X,Medium
ID_MQP7RX,Low
ID_0909JF,Low
ID_R62GDS,Medium
ID_PU1FH7,Medium
ID_HN3F9Z,Medium
ID_CBBCMM,Low
ID_NUL5DY,Low
ID_2LBM2Q,Medium
ID_EADCT1,Low
ID_RAEJPF,High
ID_L6SO28,Low
ID_IQICB5,High
ID_YTE9AF,Low
ID_HECFXW,Low
ID_UTFEFZ,Low
ID_F63BLS,Low
ID_IPJIYL,Medium
ID_5PEPL7,Medium
ID_Z67YYK,Low
ID_1ARR5T,Medium
ID_PI9ITJ,Medium
ID_42A368,Low
ID_IEC4D1,High
ID_JPZTC0,High
ID_2D0CFI,Low
ID_DC112H,High
ID_OUHYLU,Low
ID_GGGKYC,Medium
ID_MXVWBQ,Low
ID_92SJP7,Medium
ID_P2S07J,Low
ID_9M2KKT,Low
ID_L83KKO,Medium
ID_2DA5B4,High
ID_1BL6F6,Medium
ID_W0Z69I,Low
ID_82CUDL,Low
ID_511VS0,Low
ID_SCNKL4,Low
ID_KZ36U8,Medium
ID_DCITEG,Medium
ID_XN1FVQ,Low
ID_FNKOMV,Medium
ID_YK820P,Medium
ID_CW9RTN,Medium
ID_NARUR3,Low
ID_ZCCXWI,Low
ID_6E8XTM,Low
ID_EZ8QSP,Low
ID_G4PDFC,High
ID_NRAUZ7,Low
ID_2ZKF5B,High
ID_FZQC7X,Low
ID_1LEQI9,Low
ID_S7HGH5,Low
ID_5DSRYS,Low
ID_ME6F4O,High
ID_JSYXUF,High
ID_7X3BQW,Medium
ID_XZ6UK1,Medium
ID_U8HRAV,Low
ID_IVDTS8,Low
ID_O1CMRT,Medium
ID_25JT3M,Low
ID_COF313,Low
ID_ZDWP73,Low
ID_SGPYNY,Low
ID_4EHMW5,Low
ID_RTZW44,Low
ID_146VEY,Medium
ID_3ON4FG,Low
ID_FQSDQ2,High
ID_VNLDCK,Low
ID_E5AJR1,High
ID_A47AA6,Low
ID_1GF4OF,Medium
ID_S6AYLL,Medium
ID_FRBOO7,Medium
ID_3RZN9L,Medium
ID_IT1LB8,Low
ID_RNTP3C,Low
ID_V23U50,Medium
ID_Q7JBMJ,High
ID_MBO4KF,Low
ID_0Z86HE,Low
ID_1GQIT8,Low
ID_T6TCJA,Low
ID_JP8FWP,Low
ID_I41RVA,Low
ID_D0W9RY,Medium
ID_66VW9B,Low
ID_M271W1,Low
ID_JONDTW,Medium
ID_ACT498,Low
ID_YSRNYZ,Low
ID_QLYLEW,Low
ID_WQ1GAZ,High
ID_PMPCEJ,Low
ID_XFSHWZ,Medium
ID_FYCCGZ,Low
ID_IG4E8Q,Low
ID_7EUAQ3,Low
ID_JPMLNL,Medium
ID_398NLI,Low
ID_SB4HY6,Low
ID_SDI15H,Low
ID_EAGWP8,Medium
ID_P5I97B,Medium
ID_3OE9VU,Medium
ID_FQTG7H,Low
ID_J5R2SL,Medium
ID_TKRRVW,High
ID_DLP0IR,Low
ID_DSP7IO,Low
ID_L3G0D2,Medium
ID_2GRRDN,High
ID_PFK6M7,Low
ID_DLOR2T,Medium
ID_2QJI47,Low
ID_TVGTEK,Low
ID_MPH9FE,Low
ID_V0DSZR,Medium
ID_A2IZ5P,High
ID_IWZOD0,Low
ID_LKW5E1,Medium
ID_IWZWT9,Low
ID_A2WSFJ,Low
ID_R024LP,Medium
ID_VOANPA,Low
ID_V003KG,Medium
ID_2XUVF5,Low
ID_S925WO,Low
ID_WBQHSM,Medium
ID_XKJTAV,Low
ID_R9PE6C,Low
ID_5G6JZ0,Low
ID_GAS0R7,Low
ID_0XPQD4,Low
ID_FKYOF4,Low
ID_E4QVTD,Low
ID_ZVOWI0,Low
ID_0KK9JG,Low
ID_ZLCH2X,Low
ID_ZS3M0J,Low
ID_5OWK1L,Low
ID_FWXEJ5,Low
ID_76F83E,Low
ID_3OPPOY,Medium
ID_F89LPB,Low
ID_RMVCDW,Low
ID_F1XNVB,Low
ID_LKTOBY,Medium
ID_RE2U7F,Low
ID_RVCNIG,Low
ID_0FEEB9,Medium
ID_5WFW5Q,Medium
ID_E1SFXU,High
ID_CJ1MK9,High
ID_MEMTO2,Medium
ID_S0MXVL,Medium
ID_72F9S5,Medium
ID_GIQT67,Low
ID_THLVJY,Medium
ID_5T6V8V,Medium
ID_TI2V0Z,Low
ID_R3URMW,Medium
ID_9T1HW2,Low
ID_PCC3ZK,Medium
ID_Q4AW8J,Medium
ID_GQ01TE,Low
ID_TP6QAQ,High
ID_R70UT1,Medium
ID_HTH24P,Low
ID_1XUHDG,Low
ID_4LPQK5,Medium
ID_2VIUAD,Low
ID_LXGWS5,Medium
ID_HTTSW5,Low
ID_F0EZT9,Low
ID_3YJTU7,Medium
ID_W4Q46D,Medium
ID_KMCMXZ,Low
ID_433E1I,Low
ID_EUBHS1,Low
ID_2D5VR2,Low
ID_VBYE9S,Low
ID_AADU90,Low
ID_XNTJW3,Low
ID_DCIROW,Medium
ID_O4QFAC,Medium
ID_VUF7Q2,Low
ID_Z1B98V,High
ID_OSZQG6,Low
ID_XX5FZH,Low
ID_RONTDI,Medium
ID_RM3WP8,High
ID_H7N1BQ,Low
ID_J9S8U2,Low
ID_T2BAS5,Low
ID_RRVGMD,Low
ID_E1SOFP,Medium
ID_1QQUAX,Medium
ID_1BJE9X,Medium
ID_CR9D47,Medium
ID_K4X1FD,High
ID_3THZOU,Low
ID_RGKQ8U,Low
ID_M0P9IW,Low
ID_OC6P3F,Low
ID_SIWFVI,Low
ID_XCY5U4,Low
ID_NOUHTC,Low
ID_D3IRVX,Low
ID_UN6FHT,High
ID_XS8RWG,Low
ID_L5N6HD,Low
ID_8OAGP0,Low
ID_YOA0Y3,Low
ID_M9DEOC,Low
ID_RZVZZG,Low
ID_4BS4KU,Low
ID_ICE7W6,High
ID_976F7P,Low
ID_WWIIF8,Medium
ID_EH0QBV,Low
ID_WHKVL3,Low
ID_KJ6XHP,Medium
ID_FYO175,High
ID_CSQL6G,Low
ID_QG1IXB,Medium
ID_R64L4Y,Low
ID_FFAHT4,Low
ID_840982,Medium
ID_NHVYWU,Low
ID_12X3NC,Medium
ID_3D4D32,High
ID_7BVZQ8,Low
ID_X5GGOM,Low
ID_QW8K0R,Low
ID_1PY75W,Low
ID_7DGT60,Medium
ID_7CRRBI,Low
ID_HXNRU4,Low
ID_R5T9L1,Low
ID_8YFH3X,Low
ID_049ENU,Medium
ID_19LZH3,Low
ID_C07LBL,Medium
ID_8F6FTS,High
ID_5M9FER,Low
ID_SBRP14,High
ID_4QXXVA,High
ID_21OT0A,Low
ID_CF1EK6,Low
ID_6YRGC5,Low
ID_09AMPT,Low
ID_VDKZG5,Low
ID_HB1MTR,Medium
ID_8D0MZH,High
ID_CILM1G,Low
ID_41G20D,Low
ID_QP6XGH,High
ID_LLH22B,Medium
ID_1T6ERQ,Medium
ID_MV0Y8X,Low
ID_7F8T3K,Low
ID_2SETB9,Low
ID_LYO3SG,Low
ID_AY3SM1,Low
ID_1P7XHZ,Low
ID_BZS99D,Medium
ID_F09UYG,Medium
ID_GWKIDN,Low
ID_84JRH8,Low
ID_B2KNFT,Medium
ID_7UACCI,Medium
ID_LQJIDK,High
ID_YZWP4T,Low
ID_2RAS84,Medium
ID_B5BAVO,Low
ID_1GPT49,High
ID_6QGOVU,Low
ID_2MAIET,Medium
ID_2BILNP,Low
ID_GJ35JD,Low
ID_EX5DEV,Low
ID_2Y0OY5,Medium
ID_AAOO91,Low
ID_9BT78K,Medium
ID_4K3AWL,High
ID_FRSATQ,Low
ID_RGYBXK,High
ID_3T14LY,Low
ID_4FODMJ,Medium
ID_97SZPL,Low
ID_BQY3OT,Low
ID_35AZNP,Low
ID_BTOBA8,Low
ID_HOPQ0U,Medium
ID_OAD78Q,Medium
ID_0SXG4X,Low
ID_A8WZJW,Low
ID_CV71E4,Low
ID_CYWE3D,Medium
ID_DPT6PK,High
ID_U08L4P,High
ID_P1B4K5,Low
ID_1JLIDI,Low
ID_NX1KHQ,Low
ID_DE0L1O,High
ID_7JXJN6,High
ID_DA9OEK,Low
ID_5C7RSM,Medium
ID_AHW9TT,Low
ID_ULGTDT,Medium
ID_JFEDTE,Low
ID_SRNKRB,Low
ID_88R29F,Medium
ID_R78L1M,Medium
ID_9BG74E,Low
ID_WU7C8X,Medium
ID_N6OQJ6,Low
ID_TX8J1C,High
ID_9N1D6D,Medium
ID_XWNKPZ,Medium
ID_N07EA2,Medium
ID_0UY9F8,Medium
ID_M8MRYK,Low
ID_2LNNW1,Low
ID_OY7GNJ,Low
ID_S3T7C6,Low
ID_22O1TF,High
ID_G86WFY,Low
ID_G6C615,Low
ID_ZBF97C,Low
ID_UQXDDL,Low
ID_Q7GXFX,Low
ID_73AEEP,Low
ID_3P4LFD,Low
ID_OYS78Y,Medium
ID_N573VJ,Low
ID_Q3U91F,Medium
ID_LED0Z4,Low
ID_HXCX8G,Low
ID_MTSWAA,Low
ID_9B7C8D,Low
ID_VH5Y6F,Low
ID_P6VMJO,Low
ID_IVWOE5,Low
ID_CTEL74,Medium
ID_YHUIVG,High
ID_WVTQQK,Medium
ID_DGLSQ5,Low
ID_3TD7UR,Low
ID_K7DD1T,Low
ID_ZF8ADF,High
ID_6FSRKQ,Low
ID_PAYGAA,High
ID_ETYR9X,Medium
ID_8KKLSE,Low
ID_41YB60,Low
ID_PYWDRD,Low
ID_D2TO1K,Low
ID_CSG4OF,Low
ID_OAD304,Low
ID_OVCCI6,High
ID_Y6C5TG,Medium
ID_GCJ2TJ,Low
ID_H1425L,Low
ID_VHDK8L,Low
ID_ET8P1H,Medium
ID_QS1BHL,Medium
ID_2O4H1I,Medium
ID_477Y6Z,Medium
ID_WJWXYO,Low
ID_JP1ILR,Low
ID_DIU321,Low
ID_4RX6PR,High
ID_WJZXC7,Medium
ID_5TAO1C,Medium
ID_6DMJLX,Medium
ID_IPQ187,Low
ID_CRGB93,Low
ID_KPSCEB,Low
ID_KII80N,Low
ID_IIQKDX,High
ID_ZXD82B,Low
ID_DDAFS1,Medium
ID_YJXRPJ,High
ID_EK4AEG,High
ID_VOKQY9,Medium
ID_OKAEWF,Low
ID_K0H2K1,Low
ID_N8UH2M,Low
ID_Y6FD62,Low
ID_KZADBS,Medium
ID_AJ80CS,Low
ID_DWCJTA,Low
ID_RT2L2I,Low
ID_RZZSBL,Low
ID_TEKATK,Low
ID_L6KE3H,Low
ID_KH87CY,Low
ID_QD6R5F,Low
ID_00WNT0,High
ID_E41OFV,High
ID_G6CD2I,Low
ID_J0UFO2,Low
ID_ZD9M0A,Low
ID_GK6YUL,Medium
ID_HE9G1B,Low
ID_KC4GSY,Low
ID_OWXZO4,Low
ID_HRBFGC,High
ID_JWV2QN,Low
ID_O9RE3D,Low
ID_37C6QC,Low
ID_K3GPI3,Low
ID_NSPN5M,Low
ID_ALLSSF,Low
ID_20HH28,Medium
ID_7GE7MG,Low
ID_N14RBH,Low
ID_SGQ9WE,Low
ID_DL87XP,Medium
ID_JX5TD4,Medium
ID_CCRBF4,Medium
ID_WNAZMP,Medium
ID_A5U6HC,Medium
ID_2O1LIY,Low
ID_C669PS,Low
ID_GJMQ6G,Low
ID_CS5834,Low
ID_P3A8N5,Low
ID_GZMK8J,Low
ID_LO87TQ,Low
ID_HRUMMT,Low
ID_0K2T9Z,Low
ID_XMABL3,Low
ID_UW0V0I,Low
ID_BCBABT,Low
ID_6WZS3T,Medium
ID_MPD7Z4,Medium
ID_I8XQ6T,Medium
ID_O2TLA2,Medium
ID_BV0DEO,Medium
ID_ZBAMD9,Low
ID_C9PUBK,Medium
ID_ICD0LS,Medium
ID_9FG4UB,Low
ID_1FLMNA,High
ID_TD7KFN,Medium
ID_0EN4IE,Low
ID_JCY4V8,Medium
ID_0Y0WLI,Low
ID_HHXFGC,Low
ID_K38CJT,Low
ID_UIX6HT,Low
ID_WUQAYG,Low
ID_0A78P5,Low
ID_K0EXC1,Low
ID_W9BFC0,Low
ID_T7DHT8,Low
ID_CFS831,High
ID_67ST8L,Low
ID_QCJNIY,Low
ID_F0NSGT,Low
ID_3WESPB,Low
ID_K47SL7,Low
ID_FQGDM1,Low
ID_16LBUW,Low
ID_DDVYYQ,Medium
ID_X8XU2P,Low
ID_CGNDJP,Low
ID_BI2MKN,Low
ID_3Q1D05,Low
ID_X6WB68,Medium
ID_08RWQ1,Low
ID_TIKYNF,Low
ID_ESNE8Q,Low
ID_ZI5IKZ,Low
ID_KQCAUE,Low
ID_GONI9H,Medium
ID_PD327K,High
ID_7YT2M6,High
ID_224YL5,Medium
ID_X6XDA7,Medium
ID_8VHMEW,Low
ID_RY58VR,Medium
ID_BTLVVB,Low
ID_5V1CIH,Medium
ID_TOS87M,High
ID_GJPQOH,Low
ID_4MS4H2,Low
ID_EH8HYF,Low
ID_GSFWMS,Low
ID_MPGGD0,Low
ID_5CIKAN,Low
ID_0JEZ4U,Low
ID_MW04U9,Medium
ID_W4BQP3,Medium
ID_IIO3BD,Medium
ID_E8C6TC,Low
ID_90ZCQL,Medium
ID_D5SO2N,Low
ID_12LC9B,Low
ID_EVJLZF,Medium
ID_PEQYDB,Medium
ID_7V1QSA,High
ID_8TFXSW,Low
ID_SSUZ1Q,Low
ID_CO59AV,Low
ID_7G4MJZ,Low
ID_H6K9G1,Low
ID_4EPXR9,Low
ID_UV73L5,Low
ID_E9QDI3,Medium
ID_FTQ973,Low
ID_UQHAJ2,Medium
ID_F3LRCX,Low
ID_4GMA4I,Medium
ID_LL9RZR,Low
ID_VER0DR,Medium
ID_YTJPTV,Medium
ID_FTJ6AC,High
ID_72FEB3,Medium
ID_54MAPH,Low
ID_KJCO6M,Medium
ID_1J55CU,Medium
ID_Z8UUG9,Medium
ID_IK1B5F,Low
ID_IJLMAE,Low
ID_LN9TLY,Medium
ID_UHIF80,Low
ID_3OKO3V,Low
ID_XZ3ADH,Medium
ID_IY2S53,Medium
ID_FDXK31,Low
ID_TC0Z7Q,Low
ID_DQ8G2K,Low
ID_7VXUQD,Low
ID_I3LAQV,Low
ID_QXGYMY,Medium
ID_CYYPQ7,Low
ID_I3AL6E,Medium
ID_J56UTD,Low
ID_NQ323L,Low
ID_TD96QE,Medium
ID_CL5EFJ,Medium
ID_LSV2IF,Low
ID_EL8MWO,High
ID_6BU9XR,Medium
ID_VNHDCZ,High
ID_XX3LNC,Low
ID_10VR2B,Medium
ID_IQ7ZFV,Low
ID_KZGGM0,High
ID_EHQ403,Medium
ID_V6LOI5,Low
ID_ZSUZPO,Low
ID_H4TNPU,Low
ID_RL5QR4,Low
ID_SSZXQT,Low
ID_EJGNZF,Medium
ID_HDPWVB,Medium
ID_RB58YJ,High
ID_PDTZ91,High
ID_YELDAU,Low
ID_LUZK3V,Low
ID_OG996J,Low
ID_L9TQVD,High
ID_ILBQNW,Low
ID_MOZKNH,Medium
ID_TI2HUX,Low
ID_O7V1IZ,High
ID_DWD5C7,Low
ID_0ZIA9A,High
ID_9SB5MB,Low
ID_8KSZBF,High
ID_0HTZY5,Low
ID_WB7TZP,Low
ID_5MCQGZ,Low
ID_FF2X5Y,Low
ID_GYNIOL,Low
ID_HSBMEK,Low
ID_JJ9GZK,Low
ID_JU68OS,Low
ID_6C6ZH6,High
ID_SG7D32,Low
ID_QZXY4A,Medium
ID_5JHR72,Medium
ID_RI8BIX,High
ID_XY16ZG,Low
ID_RLEXDW,Medium
ID_XPESHA,Low
ID_VRYR26,Low
ID_7HTSB6,Medium
ID_4JUFN2,High
ID_SKI4AI,Low
ID_P6MKT7,High
ID_N9UQ7R,High
ID_GURT1R,Low
ID_FZZDVG,High
ID_G2GZR7,High
ID_XA859T,Low
ID_0CJBMU,High
ID_MNA9TV,Low
ID_TN0PLC,Medium
ID_XYPHWH,Medium
ID_8804FI,Low
ID_SR7SH2,Medium
ID_H55HEW,Medium
ID_JPCMW0,Medium
ID_20C1N0,Low
ID_LN3OX5,Medium
ID_6US7RP,High
ID_E40KZU,High
ID_SOYG9Z,Medium
ID_GCSOTD,High
ID_UHBX6A,Medium
ID_24FJ57,Low
ID_9NGQ6T,High
ID_QUO2XQ,Low
ID_53IPP1,Medium
ID_CCE4HA,Low
ID_3JFW79,Medium
ID_94874F,Medium
ID_4TKVV7,Medium
ID_X598K2,Medium
ID_TO0WZN,Medium
ID_N34O6P,Low
ID_Y105XU,Medium
ID_TVB9WB,Low
ID_YMZT0C,Medium
ID_N6V3RZ,High
ID_DM2HEP,Low
ID_6UJKAE,High
ID_48B890,Low
ID_E5YAZH,High
ID_TC7I85,Low
ID_0OTGPE,High
ID_YV37DI,High
ID_U6MQBI,Low
ID_I1GK2U,Low
ID_9Q44DV,Low
ID_I5ILHR,Low
ID_61Y2X6,Low
ID_ML5UGD,Low
ID_VTCODA,Low
ID_AVPM6D,Low
ID_47DVCF,Low
ID_YME6RP,Low
ID_4UGG6S,Low
ID_6K33UF,Low
ID_9SHQ8B,Low
ID_IO4X85,Medium
ID_UT2UTC,High
ID_OJVVF0,Low
ID_P89UKA,Low
ID_10PKTN,Low
ID_S62C1J,Medium
ID_1GW7RY,Low
ID_XOATMZ,Medium
ID_DV9NM3,Medium
ID_YF9JKN,Low
ID_B5HSTS,Medium
ID_UDKEZH,Medium
ID_CJ0OSO,Low
ID_SM149M,Low
ID_IAXUFV,Low
ID_Y9MZE9,High
ID_2I477P,Low
ID_2U8U23,Low
ID_K0VGL2,Medium
ID_3DN1TJ,High
ID_8G4BUE,Low
ID_KCOVRX,Medium
ID_K7917X,Low
ID_ECHZSW,Low
ID_RFEGCX,Medium
ID_KI4JKJ,Medium
ID_BBMZJ2,High
ID_4OF633,Medium
ID_FBDN2G,Low
ID_7YTXWC,Low
ID_R4UT6F,Low
ID_P0NFDD,Low
ID_IOPRA5,Low
ID_8ZUFJW,Medium
ID_2Q4M8N,Low
ID_8DY3PW,Low
ID_3RWK3O,Medium
ID_IDFWA8,Low
ID_IG6UO3,Low
ID_5E51H3,Medium
ID_CBHHLK,High
ID_Y9YTJU,High
ID_Q8ZGVW,Low
ID_L7W05Y,Low
ID_7ZFZTO,Low
ID_LFLOH5,Low
ID_SM4FSH,Low
ID_JOD5JG,Medium
ID_62OEDR,Low
ID_K02LVU,Medium
ID_NXRL47,Low
ID_42DWZU,Low
ID_I5GSE1,Low
ID_8X65Z3,Low
ID_Q36ZPM,High
ID_43TUYK,Medium
ID_5XMUFU,Low
ID_3ZKWDE,High
ID_HETZXA,Low
ID_OO0AHW,Low
ID_TDYWM8,Low
ID_GYR58M,Low
ID_JPT2ZL,High
ID_U3F0ME,Medium
ID_WT805Q,Medium
ID_YPQR0V,Medium
ID_NY7CY2,Low
ID_YVII1V,Medium
ID_U7C1A7,High
ID_2H394L,Low
ID_ASIKZO,High
ID_OFUOE7,Low
ID_F1HX6Z,Medium
ID_80PZY0,Low
ID_79QZ2D,Low
ID_3OCWBF,Medium
ID_OXWCRR,Low
ID_BYGHGK,Medium
ID_DFDM71,Medium
ID_FULZ2A,Low
ID_TNTKR3,Low
ID_TUWFV2,Low
ID_4SCAAJ,Low
ID_0L8LPH,Low
ID_ILH4EB,Medium
ID_GZF2UM,Low
ID_F9HKJF,Low
ID_EVSTYG,Low
ID_BWQTVL,Medium
ID_36I2Y0,Low
ID_U4L0BY,Low
ID_KL5EZ2,Medium
ID_M4E622,Low
ID_NROA2N,Medium
ID_F4X2JP,Low
ID_WVWORL,Medium
ID_PAIIUC,Medium
ID_5YB35O,Low
ID_E7PI8W,Low
ID_Y1FZK9,Low
ID_R6MSB2,Low
ID_PUWFQ9,Low
ID_LAJM3U,Low
ID_JMWUOC,Medium
ID_4KFOCN,Low
ID_D44NDV,High
ID_XOX3MS,Low
ID_PA18QT,Low
ID_TEBTLD,Low
ID_KHL1CR,Medium
ID_YDNRB3,Low
ID_5A36E1,Low
ID_SU2MSG,Low
ID_3KOMPO,Low
ID_FBMENU,Low
ID_1HW3GM,Medium
ID_P96XJL,Low
ID_JIC51M,Low
ID_PADRKU,Low
ID_WG5742,Medium
ID_9VA98B,Medium
ID_SZ2KUU,Medium
ID_UZ8DU9,High
ID_ICFARY,Low
ID_8F8C8C,High
ID_LVZFAA,High
ID_RBCSC8,Low
ID_ECV84X,Low
ID_CKONRH,Medium
ID_4WAKEF,Low
ID_ON8UUJ,Medium
ID_AG2F14,Low
ID_9SJEIC,Low
ID_TEVTX3,Medium
ID_78U42I,Low
ID_PJY1ZB,Low
ID_FNIROH,Low
ID_ZF2JXJ,Medium
ID_3WZ3VU,Medium
ID_0SU863,Low
ID_1R11Q7,Medium
ID_CDW57I,Low
ID_H2U8V7,Low
ID_E9DUV1,Low
ID_2EVEIL,Medium
ID_CW8HYV,Low
ID_U6SJJF,Low
ID_NKSW5B,Low
ID_FWBEBY,Low
ID_6G8V3G,Low
ID_YH5HOA,Medium
ID_HJGZX8,Low
ID_TZZRBY,Low
ID_H5GR8D,Low
ID_RODT2D,Low
ID_3YRXK6,Low
ID_350SGN,High
ID_L0V8HS,Low
ID_B7QPIZ,Medium
ID_TE1EL8,Low
ID_93S8DY,Low
ID_D9GX2H,Medium
ID_T3C1WQ,Medium
ID_O8PM4Y,Low
ID_EI9ULT,Medium
ID_G7BB4D,Low
ID_BW4QL7,Medium
ID_0RCTI8,Medium
ID_M7PFEE,Medium
ID_E11E9F,High
ID_PHJUF4,Low
ID_QGM5V2,Medium
ID_2158U5,Low
ID_OZT4LH,Medium
ID_FPQEQQ,High
ID_XBGK2W,Medium
ID_HMGOLO,Medium
ID_856U0R,High
ID_X7HLRI,Low
ID_BMWMNO,Low
ID_8BTQ78,Medium
ID_Y8NYFW,Medium
ID_JXMIKW,Low
ID_RHOCN9,Medium
ID_M75PSZ,Medium
ID_MTS1EG,High
ID_EY6QMJ,Low
ID_BBSU04,Medium
ID_M91KQZ,Low
ID_84Y9YV,Low
ID_SLHGMR,High
ID_LMGS9V,Medium
ID_CLIC6B,Low
ID_BXPFYJ,Low
ID_GGU5RP,Low
ID_BZUO7M,Medium
ID_A0D7DU,Medium
ID_BGPOQ5,Low
ID_N5A8XA,Low
ID_KFH00A,High
ID_BVXKET,Low
ID_LI77JZ,Low
ID_FBDPWC,Low
ID_MY93PO,Medium
ID_WSHMLF,Low
ID_NV5XU6,Low
ID_K74F5Z,Medium
ID_6T4UFE,High
ID_PEQ1ZJ,Low
ID_N4SCZL,Low
ID_5GDRLE,Low
ID_1361BG,Low
ID_Q18OVE,Low
ID_5BWNE4,Low
ID_QJT510,High
ID_JVYLMA,Low
ID_KTSG7F,High
ID_VON8PV,Medium
ID_J30AMX,Low
ID_KG84YN,Low
ID_6KTUZH,Low
ID_HN8VJF,Low
ID_W0BDFF,Low
ID_ZSS8V5,Medium
ID_CLYID8,Low
ID_DOF83G,Medium
ID_JOD8VU,Low
ID_GQJT4N,Medium
ID_2G0RF1,Low
ID_32RV23,Low
ID_K73U1P,Low
ID_O504FX,Low
ID_F6HYD6,Low
ID_AD3M6J,Low
ID_9ZA3MI,Low
ID_I8ARE1,Low
ID_V1LK4A,Low
ID_0LJC6W,Low
ID_V45D3D,High
ID_TMFWG8,High
ID_MQ5S45,Low
ID_G3FYE4,High
ID_LW6JL2,Low
ID_UPK9IP,Low
ID_Q77AG3,Low
ID_OQO0J4,Medium
ID_QR8O1K,Medium
ID_OGXVX9,Low
ID_NIAI4T,Medium
ID_0UE99O,Medium
ID_NO5WTT,Low
ID_VZN2HL,Medium
ID_TP9RRD,Low
ID_JZTO7D,High
ID_E7T0TS,Low
ID_5HHVYH,Low
ID_8456M8,Medium
ID_OBJLZY,Low
ID_S1CO1R,Low
ID_B8JQTB,Low
ID_MJJQGF,Low
ID_5LX9BE,Low
ID_FQ84GD,Medium
ID_GQIO1M,Medium
ID_2SDS8B,Medium
ID_NI4ZF5,Medium
ID_1M3TFQ,Low
ID_HYB7TH,Low
ID_T1N5JQ,Low
ID_UUETN1,Low
ID_4W713Q,Low
ID_Q52WSP,Medium
ID_IH0FUO,Low
ID_VRECJT,Low
ID_IBCLTR,Medium
ID_2V0MW4,Low
ID_EI975Y,Medium
ID_TIRC9Z,Low
ID_6FXNOQ,High
ID_M4GSD5,Medium
ID_EC68RK,Low
ID_97Y8XL,Low
ID_TD3ABE,Low
ID_WJAZQ4,Low
ID_YJOAOE,Medium
ID_PN7Y85,Medium
ID_WLIUVJ,Low
ID_F75935,Low
ID_NE6YIW,Low
ID_OT7U4Y,Low
ID_73IEKZ,Low
ID_3V10M1,High
ID_NZ7DSO,Low
ID_6RSOFR,Low
ID_7F10TB,Medium
ID_Y4XMAL,Low
ID_SKP6RF,High
ID_9UK693,Low
ID_KRD5EQ,Medium
ID_PRHVLZ,Low
ID_6DDZV7,Medium
ID_5ZJAUC,Medium
ID_FWJ8DA,Medium
ID_90I2HQ,Medium
ID_TLCQFM,Medium
ID_1HBGYB,Low
ID_RN5YUN,Low
ID_JA2M0W,High
ID_XPCZ07,Low
ID_NP84DY,High
ID_5U50FH,Low
ID_Y0RSG5,Low
ID_RB5TNG,High
ID_D7X5GY,Low
ID_OW8DT8,Medium
ID_53R4SI,Low
ID_JPQPQ2,Low
ID_W8F6N3,Medium
ID_PFG8PJ,Medium
ID_WRRVAX,Medium
ID_SS7NW0,Low
ID_LGQTCD,Low
ID_Y5BFYG,Low
ID_9V08LI,High
ID_IKRO8U,Low
ID_5RQ8K9,Medium
ID_N5ROUE,Medium
ID_4PN9A7,Low
ID_NHN6OF,High
ID_TOOWT9,High
ID_N9HFEO,Medium
ID_DF9M13,Medium
ID_4QTP87,Low
ID_SW2292,Low
ID_XQFJO2,Low
ID_G29FLV,Medium
ID_0R3I9H,Medium
ID_F8S2ZG,Low
ID_ZJHP4O,Low
ID_UESBFC,Low
ID_LJK85J,Low
ID_Q4N181,Low
ID_APDZ6W,Low
ID_6L4M1T,High
ID_8QHS9C,Low
ID_QDAKG8,Low
ID_KQ9MGM,Medium
ID_GISE6J,Low
ID_7SVCLL,Low
ID_KHE15I,Medium
ID_PLB01J,Low
ID_NW6GSD,Low
ID_U833Z5,Low
ID_GCPWW4,Low
ID_TT7F1U,Low
ID_IYKU9I,Medium
ID_4HY3FI,Low
ID_D3IIA3,High
ID_G0GTPF,Low
ID_CXB9VR,Low
ID_EHPZRV,High
ID_F6VZCR,Low
ID_9V3ZSO,Low
ID_CH1WY6,Medium
ID_FLUOAY,High
ID_VBJRBZ,Medium
ID_80ICSH,Medium
ID_5Y96BK,Low
ID_3QA8NH,Low
ID_SXDLK8,Medium
ID_0QTL3Q,High
ID_XBAF4G,Low
ID_7T3K9O,Low
ID_QPVBXS,Low
ID_AF3QHY,Medium
ID_JEGOHM,Low
ID_RMNZSY,Low
ID_B4UNEI,Low
ID_W43KIJ,High
ID_JALVRT,Low
ID_HZ3UGB,Low
ID_4TBS9I,Medium
ID_NH1CBH,Low
ID_QCSPD7,Low
ID_DOFFWS,Low
ID_5R0PNF,Medium
ID_BJMTY0,Low
ID_QRFKXZ,Low
ID_Q0H4S4,Low
ID_O0N2NO,Medium
ID_22DKNO,Low
ID_94WOZR,Low
ID_380CBQ,Low
ID_6KDD49,Medium
ID_5UHNA2,Low
ID_CRZXC4,High
ID_LQV62J,Low
ID_GW10C9,Medium
ID_Y93BZV,Medium
ID_8U6B15,Low
ID_83UDQB,Low
ID_2QMK3U,Medium
ID_CGJK91,Low
ID_CVYEVB,Low
ID_5JJ002,Medium
ID_3BQHOK,Low
ID_G8CD31,Medium
ID_ZYV9BI,Low
ID_PGGMIN,Low
ID_MC9QH1,Low
ID_TITXR2,Low
ID_ZAC2EX,High
ID_HHW9IN,Low
ID_STP8NK,Medium
ID_LE6KWH,High
ID_8VAQVB,High
ID_ACWAQA,Low
ID_8UX018,Low
ID_1MWMSO,Low
ID_GJNGVS,Medium
ID_03Y3PA,Low
ID_W5GSM7,Low
ID_41EVL4,High
ID_590J1M,Medium
ID_07H0UM,Low
ID_LX2CRL,Medium
ID_2P4LEW,Low
ID_OZCTWJ,High
ID_7FXV7A,Low
ID_YU2RNA,High
ID_50T0GD,Medium
ID_CXSUO8,Medium
ID_VDL1CE,Medium
ID_YN1KJS,Medium
ID_X1CCEF,Low
ID_9JFO2A,Low
ID_WE7R4H,Medium
ID_OJZCDU,Medium
ID_PRSH73,Low
ID_HBUDU7,Low
ID_G13IWP,Medium
ID_D6ARW4,Low
ID_YWLKLQ,Low
ID_4PO1I3,High
ID_RY92HJ,Low
ID_SR5ET3,Medium
ID_EXTS6Y,Low
ID_WUIH2J,Low
ID_LDXFIB,Low
ID_MZ2CAO,Low
ID_5SWSFL,Low
ID_FZIWJO,Low
ID_05WDNL,Low
ID_L4AO4W,Low
ID_5SEBBM,Low
ID_DO8YU9,Low
ID_NPHN1O,Low
ID_UIGM2T,Low
ID_QK3TGZ,Low
ID_4PEVH4,Low
ID_7DNHU0,Low
ID_UK4SHA,Medium
ID_OCQJR6,Medium
ID_MFH5E8,Medium
ID_EMZYG8,Low
ID_W6B9W5,Medium
ID_FX7XJZ,Low
ID_XAL1LX,Low
ID_UHBP0F,Low
ID_GKIKR2,Medium
ID_O7P4HI,Low
